№,Brand,カタカナ,Amazon登録,楽天登録,Yahoo登録,楽天タグ名,楽天タグID,Amazon登録ブランド名,,,
1,1.State,1.ステイト?,,,,,,,,,
2,1901,1901?,,,,,,,,,
3,2(x)ist,2イグジスト,,,,,,,,,
4,3.1 Phillip Lim,3.1?フィリップ?リム,,,,,,(フィリップリム) 3.1 Phillip Lim,,,
5,3C4G,3シー4ジー?,×,×,,,,,,,
6,3LAB,スリーラブ,×,×,,,,,,,
7,47 Brand,47?ブランド?,,,,,,,,,
8,4SI3NNA,4シー3エン エン エイ?,,,,,,,,,
9,7 Diamonds,セブンダイヤモンド,,,,,,,,,
10,7 For All Mankind,セブンフォーオールマンカインド,,,,,,,,,
11,A by Amanda,ア?バイ?アマンダ?,,,,,,,,,
12,A Gold E,エーゴールド?イー?,,,,,,,,,
13,A.L.C.,エイ.エル.シー.?,,,,,,,,,
14,A.P.C.,エイ.ピー.シー.?,,,,,,,,,
15,ACNE Studios,アクネストゥディオズ,,,,,,ACNE STUDIOS/(アクネ ストゥディオズ),,,
16,Acorn,エイコーン?,,,,,,Acorn,,,
17,Adam Lippes,アダム?リペス,,,,,,,,,
18,Adelyn Rae,アデリーレイ,,,,,,,,,
19,aden + anais,エイデンアンドアネイ,,,,エイデンアンドアネイ,1001708,,,,
20,Adidas by Raf Simons,アディダス?バイ?ラフシモンズ,×,×,,,,,,,
21,adidas by Stella McCartney,アディダス?バイ?ステラ?マカートニ?,,,,アディダス,1000595,adidas(アディダス),,,
22,adidas Originals,アディダス?オリジナルズ?,,,,アディダス,1000595,adidas(アディダス),,,
23,adidas,アディダス?,,,,アディダス,1000595,adidas(アディダス),,,
24,Adrianna Papell,アドリナパペル,,,,,,,,,
25,Aetrex,エートレックス,,,,,,Aetrex,,,
26,AG,エイ ジー?,,,,,,,,,
27,Agave,アゲイヴィ?,×,×,,,,,,,
28,AGL,エイ ジー エル?,,,,,,AGL,,,
29,AHAVA,アハバ,×,×,,,,,,,
30,Ahnu,アニュ,,,,,,Ahnu,,,
31,Aidan by Aidan Mattox,アイダン バイ アイダンマトックス,,,,,,,,,
32,Aidan Mattox,アイダンマトックス,,,,,,,,,
33,AKID,エイキッド,,,,,,AKID,,,
34,Akris punto,アクリスプント,,,,,,,,,
35,Akris,アクリス,,,,,,Akris,,,
36,Alainn,アラン,,,,,,,,,
37,Alberto Fermani,アルベルトフェルマー二,,,,,,,,,
38,ALDO,アルド,,,,,,ALDO(アルド),,,
39,Alegria,アレグリア,,,,,,Alegria (アレグリア),,,
40,Alex and Ani,アレックスアンドアニ,,,,,,,,,
41,Alex Evenings,アレックスイブニングス,,,,,,,,,
42,Alexander McQueen,アレキサンダー?マックイーン,,,,,,,,,
43,ALEXANDER OLCH,アレキサンダーオルチ,,,,,,,,,
44,Alexander Wang,アレキサンダー?ワン,,,,,,Alexander Wang アレキサンダーワン,,,
45,Alexandre Birman,アレキサンダーバーマン,,,,,,Alexandre Birman,,,
46,Alfred Sung,アルフレッドサン,,,,,,,,,
47,Ali & Jay,アリアンドジェイ,,,,,,,,,
48,Alice + Olivia,アリスアンドオリビア,,,,,,,,,
49,Alivia Simone,アリビアサイモン,×,×,,,,,,,
50,Allen Edmonds,アラン?エドモンズ,,,,,,Allen Edmonds(アレンエドモンズ),,,
51,Alo,アロ,,,,,,,,,
52,ALTERNA,オルタナ,×,×,,,,,,,
53,Alternative,オルタナティブ,,,,,,,,,
54,ALTUZARRA,アルトゥザラ,,,,,,,,,
55,Amanda Uprichard,アマンダ?アップリチャード,,,,,,,,,
56,American Needle,アメリカン?ニードル?,,,,,,,,,
57,Ames Bros,アメス?ブロズ?,,,,,,,,,
58,AMOREPACIFIC,アモーレパシフィック,×,×,,アモーレパシフィック,1001570,,,,
59,Amour Vert,アモーレ・ベート,,,,,,,,,
60,Amsale,アムサーラ,,,,,,,,,
61,Anastasia Beverly Hills,アナスタシアビバリーヒルズ,×,×,,,,,,,
62,ANATOMIC & CO,アナトミック?&?コー?,,,,,,アナトミック Anatomic & Co,,,
63,Andre Assous,アンドレアスース,,,,,,Andre Assous,,,
64,Andrew Marc,アンデゥリューマーク,,,,,,Andrew Marc,,,
65,Andy & Evan,アンディアンドエヴァン?,,,,,,,,,
66,Angie,アンジー,,,,,,,,,
67,Anita,アニタ,,,,,,,,,
68,Ann Demeulemeester,アンドゥムルメステール,,,,,,,,,
69,Anna Beck,アンナ?ベック?,,,,,,,,,
70,Anna Maier Couture,アンナマイヤークチュール,,,,,,,,,
71,Anthony,アンソニー,×,×,,,,,,,
72,Anyi Lu,アンイル,,,,,,Anyi Lu,,,
73,Anzie,アンジー,,,,,,,,,
74,Apiece Apart,アピース?アパート?,,,,,,,,,
75,Aquatalia,アクアタリア,,,,,,Aquatalia,,,
76,Aravon,アラヴォン,,,,,,アラヴォン Aravon,,,
77,Arche,アルシュ,,,,,,arche(アルシュ),,,
78,Archipelago Botanicals,アーキペラゴー?バタニカルズ?,×,×,,,,,,,
79,ARCONA,アコナ,×,×,,,,,,,
80,Arc'teryx Veilance,アークテリクスヴィイランス,,,,,,,,,
81,Arc'teryx,アークテリクス,,,,アークテリクス,1001657,,,,
82,Argento Vivo,アルジェントヴィーヴォ,,,,,,,,,
83,Ariat,アリアト,,,,,,Ariat(アリアト),,,
84,Armani Collezioni,アルマーニ・コレッツォーニ,,,,アルマーニ・コレッツォーニ,1000722,,,,
85,Armani Junior,アルマーニジュニア,,,,アルマーニジュニア,1000722,,,,
86,Articles of Society,アーティクルズ?オブソサエティー,,,,,,,,,
87,Ash,アッシュ,×,×,,アッシュ,1001604,,,,
88,ASICS,アシックス,,,,アシックス,1000860,asics(アシックス),,,
89,Astley Clarke,アストリー・?クラーク?,×,×,,,,,,,
90,ASTR,アストラ,,,,,,,,,
91,Athena Alexander,アテナ アレキサンダー,,,,,,Athena Alexander,,,
92,ATM Anthony Thomas Melillo,アンソニー・トーマスメリロー,,,,,,,,,
93,Austen Heller,オスティン?ヘラ?,,,,,,Austen Heller,,,
94,autumn cashmere,オータム?カシミア,,,,,,,,,
95,AX Armani Exchange,アルマーニエクスチェンジ,,,,アルマーニエクスチェンジ,1000722,,,,
96,AYR,エーワイアール,,,,,,,,,
97,Bﾂｰrn,ビーﾂｰrn?,×,×,,,,,,,
98,Babiators,ベビエーター,,,,,,,,,
99,Baby Jogger,ベビー?ジョガー?,×,×,,,,,,,
100,Baby-G,ベイビ ージー?,,,,,,,,,
101,babyletto,ベビーレット,×,×,,,,,,,
102,Bacco Bucci,バッコブッチ,,,,,,Bacco Bucci,,,
103,Badgley Mischka,バッジェリーミシュカ,,,,,,Badgley Mischka【バッジェリーミシュカ】,,,
104,Baggu,バグー,,,,,,BAGGU（バグゥ）,,,
105,Bailey 44,ベイリー?44?,,,,,,,,,
106,Balenciaga Paris,バレンシアガ　パリ,×,×,,,,,,,
107,Balenciaga,バレンシアガ,,,,バレンシアガ,1002295,BALENCIAGA(バレンシアガ),,,
108,Ball,ボール?,,,,,,,,,
109,Bally,バリー,,,,バレンシアガ,1002292,BALLY(バリー),,,
110,BAN.DO,バン.ドゥー?,,,,,,,,,
111,Band of Gypsies,バンド?オヴ?ジプシーズ?,,,,,,,,,
112,Barbour,バブアー,,,,,,,,,
113,Bardot,バルドー,,,,,,,,,
114,Barefoot Dreams,ベアフット?ドリームズ,,,,,,,,,
115,bareMinerals,ベアミネラル,×,×,,ベアミネラル,1003150,,,,
116,Barney Cools,バーニークールス?,,,,,,,,,
117,BaubleBar,バウブルバー,,,,,,,,,
118,BB Dakota,ビー ビー?ダコータ?,,,,,,,,,
119,BC Footwear,ビーシーフットウェア?,,,,,,BC Footwear,,,
120,BCBGeneration,ビーシービージェネレーション,,,,,,,,,
121,BCBGMAXAZRIA,ビーシービージーマックスアズリア,,,,,,,,,
122,beardbrand,ベアードブランド,×,×,,,,,,,
123,BeautiFeel,ビューティーフィール,,,,,,,,,
124,Becca,ベッカ,,,,,,,,,
125,Bed Stu,ベッドスタ,,,,,,BED:STU,,,
126,BEDROOM ATHLETICS,ベドルーム?アスレチクス,,,,,,Bedroom Athletics(ベッドルームアスレチクス),,,
127,Belabumbum,ベラブンブン,,,,,,,,,
128,Bella J,ベラ?ジェイ?,×,×,,,,,,,
129,BELLA VITA,ベラ?ヴィータ,,,,,,Bella Vita,,,
130,Bellroy,ベルロイ,,,,,,,,,
131,Belly Bandit,ベリ?バンディット,,,,,,,,,
132,Belstaff,ベルスタッフ,,,,,,,,,
133,Ben Sherman,ベンシャーマン,,,,,,Ben Sherman(ベンシャーマン),,,
134,Bench.,ベンチ.?,,,,,,,,,
135,Benjamin Adams London,ベンジャミン?アダムズ?ロンドン?,,,,,,Benjamin Adams London(ベンジャミン アダムス ロンドン),,,
136,Ben's Garden,ベンズ?ガーデン,,,,,,,,,
137,Bensol,ベンソル,,,,,,,,,
138,Berle,バール,,,,,,,,,
139,BERNARDO FOOTWEAR,バーナードフットウェア,,,,,,,,,
140,Bernardo,ベルナルド,,,,,,Bernardo,,,
141,bernie mev.,ベルニー,,,,,,Bernie Mev,,,
142,Berry,ベリ?ー,,,,,,,,,
143,BERTA,ベルタ,,,,,,,,,
144,Betsy & Adam,ベッツィ?&?アダム?,,,,,,,,,
145,Bettye Muller,ベッティー・ミュラー,,,,,,Bettye Muller,,,
146,Beyond Yoga,ビヨンド?ヨガ?,,,,,,,,,
147,Big Bud Press,ビグ?バッド?プレス?,,,,,,,,,
148,Big Star,ビッグ?スター?,,,,,,,,,
149,Billabong,ビラボン,,,,ビラボン,1002344,,,,
150,Billieblush,ビリーブラッシュ,,,,,,,,,
151,Billy Jealousy,ビリ?ジェラシー,×,×,,,,,,,
152,Billy Reid,ビリー・?リード?,,,,,,,,,
153,Birkenstock,ビリケンシュトック,,,,,,,,,
154,Bixbee,ビックスビー,,,,,,Bixbee,,,
155,bkr,ビーカー,×,×,,,,,,,
156,Black Bow,ブラック?バウ?,,,,,,,,,
157,Blackstone,ブラックストーン,,,,,,Blackstone,,,
158,BLANKNYC,ブランクニューヨークシティー,,,,,,,,,
159,Blissliving Home,ブリスリビング?ホーム?,×,×,,,,,,,
160,Bloch,ブロック,,,,ブロック,1002436,BLOCH(ブロック),,,
161,Blondo,ブロンド,,,,,,Blondo,,,
162,bloom,ブルーム?,×,×,,,,,,,
163,Blundstone,ブランドストーン,,,,,,Blundstone(ブランドストーン),,,
164,BLUSH by Us Angels,ブラシュ?バイ?アス?エンジェルズ?,,,,,,,,,
165,Bobbi Brown,ボビ ブラウン?,×,×,,,,,,,
166,Bobby Jones,ボビ?ジョーンズ?,,,,,,,,,
167,Bobeau,ボビュ,,,,,,,,,
168,Boconi,ボッコーニ,,,,,,Boconi,,,
169,Bogs,ボグズ?,,,,,,BOGS(ボグス),,,
170,Bonobos,ボノボス,,,,,,,,,
171,Bony Levy,ボーニ?レヴィ?,,,,,,,,,
172,Boon,ブーン?,×,×,,,,,,,
173,Bosca,ボスカ,,,,,,Bosca(ボスカ),,,
174,Bose,ボーズ,×,×,,,,,,,
175,BOSS Green,ボス?グリーン?,,,,,,,,,
176,BOSS Kidswear,ボス キッズウェアー,,,,,,,,,
177,BOSS Orange,ボス?オレンジ?,,,,,,,,,
178,Bottega Veneta,ボッテガ・ヴェネタ,×,×,,ボッテガ・ヴェネタ,1002514,,,,
179,Bourbon and Boweties,バーボンアンドボウェティーズ,,,,,,,,,
180,Boy Meets Girl,ボイーミーツ?ガール?,,,,,,,,,
181,BP. Undercover,ビー ピー.?アンダカバー,,,,,,BP,,,
182,BP.,ビー ピー.?,,,,,,BP,,,
183,BPM Fueled by Zella,ビー ピー エム?フュアルド?バイ?ゼラ,,,,,,,,,
184,Brahmin,ブラーミン?,,,,,,Brahmin(ブラーミン),,,
185,Brandon Maxwell,ブランドンマックスウェル,,,,,,,,,
186,Brera Orologi,ブレラオロロジ,,,,,,,,,
187,Bric's,ブリックス,,,,,,BRIC'S(ブリックス),,,
188,Brides & Hairpins,ブライズ?&?ヘアピンズ?,,,,,,,,,
189,Briggs & Riley,ブリグズ?&?ライリ?ー,,,,,,Briggs & Riley,,,
190,Briston Watches,ブリストン?ウォッチーズ?,,,,,,,,,
191,Brixton,ブリクストン,,,,,,,,,
192,Brooks,ブルックス?,,,,ブルックス?,1000959,BROOKS(ブルックス),,,
193,Bugaboo,バガブー?,×,×,,,,,,,
194,Bugatchi,ブガッティ,,,,,,Bugatchi(ブガッティ),,,
195,Bun Maternity,バン?マタニティー,,,,,,,,,
196,Burberry Beauty,バーバリ?ビューティ?ー,×,×,,,,,,,
197,Burberry Brit,バーバリ ブリット?,×,×,,,,,,,
198,Burberry London,バーバリ?ロンドン?,×,×,,,,,,,
199,Burberry Prorsum,バーバリ?プローサム,×,×,,,,,,,
200,Burton,バートン,,,,バートン,1002302,,,,
201,butter LONDON,バター?ロンドン,×,×,,,,,,,
202,BUTTERFLY TWISTS,バタフライ?ツイスト,,,,,,BUTTERFLY TWISTS(バタフライツイスト),,,
203,BVLGARI,ブルガリ,×,×,,ブルガリ,1000798,,,,
204,BZEES,ブジーズ,,,,,,BZEES,,,
205,C.O. BIGELOW,シー.オービゲロー,×,×,,,,,,,
206,C2 by Calibrate,シーツーバイ?キャリブレイト?,,,,,,,,,
207,CA by CINZIA ARAIA,シー エイ?バイ?チンツィアアライア,,,,,,,,,
208,Calibrate,キャリブレイト?,,,,,,,,,
209,Callisto,カリスト,,,,,,Callisto,,,
210,Calvin Klein,カルバンクライン,,,,カルバンクライン,1000746,,,,
211,CAMILLA CHRISTINE,カミーラチャーストン,,,,,,,,,
212,City Chic,シティシック,,,,,,,,,
213,Clae,クレー,,,,,,,,,
214,Clare V.,クレア?ヴィヴィエ.?,,,,,,CLARE VIVIER クレアヴィヴィエ,,,
215,Clarins,クラランス,×,×,,クラランス,1000752,,,,
216,Clarks,クラークス,,,,クラークス,1000590,,,,
217,Classiques Entier,クラシックアンティエ,,,,,,,,,
218,CLOUD,クラウド?,,,,,,,,,
219,Clover Canyon,クローバーキャニオン,,,,,,,,,
220,CMEO Collective,カメオコレクティブ,×,×,,,,,,,
221,COACH,コーチ?,,,,コーチ?,1001906,,,,
222,Cobb Hill,コブ?ヒル?,×,×,,,,,,,
223,COCLICO,コクリコ,×,×,,,,Coclico,,,
224,Cole Haan,コール?ハーン,×,×,,,,,,,
225,Collection B,コレクションビー,×,×,,,,,,,
226,Collection XIIX,コレクションジークス,,,,,,,,,
227,Commando,コマンド,,,,,,,,,
228,Converse,コンバース,,,,コンバース,1000578,CONVERSE(コンバース),,,
229,COOLA Suncare,クーラサンケア,×,×,,,,,,,
230,cooper & ella,クーパー?&?エラ?,,,,,,,,,
231,Cordani,コルダー二,,,,,,Cordani,,,
232,Corso Como,コルソ コモ,,,,,,Corso Como,,,
233,Cosabella,コサベラ,,,,コサベラ,1001889,,,,
234,Crabtree & Evelyn,クラブツリーアンドイヴリン?,×,×,,,,,,,
235,CREATIVE CO-OP,クリーエイティヴ?コープ?,,,,,,,,,
236,Creative Recreation,クリエイティブレクレーション,,,,,,CREATIVE RECREATION(クリエイティブレクリエーション),,,
237,Creed,クリード?,×,×,,,,,,,
238,CROCS,クロックス,,,,クロックス,1000573,,,,
239,Crosby Square,クロスビーアウクエア,,,,,,Crosby Square(クロスビースクエア),,,
240,cupcakes and cashmere,カップケークスクスアンドカシミア,,,,,,,,,
241,CurrentElliott,カレントエリオット,,,,,,,,,
242,Cutter & Buck,カッター?&?バック?,,,,,,,,,
243,Cynthia Steffe,シンシアステフィー,,,,,,,,,
244,Dana Rebecca Designs,ダナレベッカデザイン,,,,,,,,,
245,Daniel Buchler,ダニエルバクラー,,,,,,,,,
246,Dansko,ダンスコ,,,,,,,,,
247,David & Young,デビット・アンド・?ヤング?,,,,,,,,,
248,David Donahue,デイビットドナヒュー?,,,,,,,,,
249,David Tate,デイビット?テイト?,,,,,,David Tate(デイビッドテイト),,,
250,David Yurman,デイヴィッドヤーマン,,,,,,,,,
251,Deborah Lippmann,デボラリップマン,×,×,,,,,,,
252,dee elle,ディー?エル?,,,,,,,,,
253,Delman,デルマン,,,,,,Delman,,,
254,Dena Home,ディナホーム,×,×,,,,,,,
255,Derek Lam 10 Crosby,デレクラム10クロスビー,,,,,,,,,
256,Derek Rose,デレクローズ,,,,,,,,,
257,Dermablend,ダーマブレンド,×,×,,,,,,,
258,dermalogica,ダーマロジカ,×,×,,,,,,,
259,Descendant of Thieves,デセンダント?オブ?シーブズ?,,,,,,,,,
260,Desigual,デシグアル,,,,,,,,,
261,Dessy Collection,ディシーコレクション,,,,,,,,,
262,Deux Lux,ドゥラックス,,,,,,deux lux(デュラックス),,,
263,devlin,デヴィン,,,,,,,,,
264,DEX,デックス,,,,,,,,,
265,Diane von Furstenberg,ダイアン フォン ファステンバーグ,,,,,,,,,
266,Diaper Dude,ダイパーデュード?,,,,,,,,,
267,DIESEL,ディーゼル,,,,ディーゼル,1000838,,,,
268,Dior,ディオール,×,×,,ディオール,1000753,,,,
269,diptyque,ディプティック,×,×,,,,,,,
270,DKNY,ディー ケイ エヌ ワイ?,,,,,,,,,
271,DL1961,ディー エル1961?,,,,,,,,,
272,Dogeared,ドギャード,,,,,1003649,,,,
273,Dolce Vita,ドルチェヴィータ,,,,,,ドルチェヴィータ (Dolce Vita),,,
274,Dolce&Gabbana Beauty,ドルチェ&ガッバーナ?ビューティ?ー,×,×,,,,,,,
275,Dolce&Gabbana,ドルチェ&ガッバーナ,△,△,,Dolce&Gabbana,1000710,,,,
276,Donald J Pliner,ドナルド・ジェイ・プリナー,,,,,,Donald J Pliner,,,
277,Donna Karan New York,ドナキャラン?ニュー?ヨーク?,,,,,,,,,
278,Donna Morgan,ドナ?モーガン?,,,,,,,,,
279,Donna Ricco,ドンナ?リコ,,,,,,,,,
280,Dooney & Bourke,ドゥニーアンドバーク,,,,,,,,,
281,Dr. Dennis Gross Skincare,ドクターデニスグロス,×,×,,,,,,,
282,Dr. Martens,ドクター?マーチン?,,,,,,,,,
283,Dr. Scholl's,ドクター ショール,,,,,,Dr. Scholl's,,,
284,Dress the Population,ドレス?ザ?ポピュレーション,,,,,,,,,
285,Drifter,ドリフタ?ー,,,,,,,,,
286,Dsquared2,ディースクエアード,,,,ディースクエアード,1002162,,,,
287,Dune London,デューン?ロンドン?,,,,,,Dune London(デューン ロンドン),,,
288,Dunham,ダナム,,,,,,ダナム Dunham,,,
289,Duvetica,デュベティカ,×,×,,デュベティカ,1002173,,,,
290,Earth,アース,,,,,,earth(アース),,,
291,Earthies,アーシーズ,,,,,,Earthies(アーシーズ),,,
292,Eastland,イースランド,,,,,,Eastland,,,
293,Eberjey,エバージョイ,,,,,,,,,
294,ECCO,エコー,,,,エコー,1001716,ecco(エコー),,,
295,Echo,エコー?,,,,,,,,,
296,ECI,エー シー アイ?,,,,,,,,,
297,ED Ellen DeGeneres,エレン・デジェネレス,,,,,,,,,
298,Eddie Borgo,エディー・ボーゴ,,,,,,,,,
299,Eileen West,アイリーンウエスト,,,,,,,,,
300,ELECTRIC,エレクトリック?,,,,,,,,,
301,elements by Nina,エレメンツ?バイ?ニーナ?,,,,,,Elements by Nina(エレメンツ バイ ニーナ),,,
302,Elemis,エレミス,×,×,,,,,,,
303,ELEVENPARIS,イレブンパリ,,,,,,,,,
304,ELEVENTY,イレブンティ,,,,,,,,,
305,Elie Tahari,エリータハリ,,,,,,,,,
306,Eliza J,イライザ?ジェイ?,,,,,,,,,
307,Elizabeth and James,エリザベス?アンド?ジェームズ?,,,,,,ELIZABETH AND JAMES(エリザベスアンドジェームス),,,
308,Elizabeth Arden,エリザベス?アーデン,×,×,,,,,,,
309,Ella Moss Girl,エラ?モス?ガール?,,,,,,,,,
310,Ella Moss,エラ?モス?,,,,,,,,,
311,Elle Macpherson Intimates,エルマクファーソンインティミッツ?,,,,,,,,,
312,Ellen Tracy,エレントレーシー,,,,,,,,,
313,Elliott Lucca,エリオットルカ,,,,,,Elliott Lucca,,,
314,Elomi,エローミ,,,,,,,,,
315,Emi-Jay,エミ・ジェイ?,,,,,,,,,
316,Emilio Pucci,エミリオ・プッチ,,,,エミリオ・プッチ,1001737,,,,
317,Emperia,エンペリア,×,×,,,,,,,
318,Emporio Armani,エンポリオアルマーニ,,,,エンポリオアルマーニ,1000722,,,,
319,English Laundry,イングリシュ?ランドリー,×,×,,,,,,,
320,Enza Costa,エンザコスタ,,,,,,,,,
321,Equipment,エキプモン,,,,,,,,,
322,Erdem,アーデム,,,,,,,,,
323,ERGObaby,エルゴベビー,,,,エルゴベビー,1001748,,,,
324,Eric Javits,エリックジャヴィッツ,,,,,,,,,
325,Ermenegildo Zegna,エルメネジルドゼニア,,,,エルメネジルドゼニア,1001751,Ermenegildo Zegna(エルメネジルド・ゼニア),,,
326,Essie,エッシー,×,×,,エッシー,1001581,,,,
327,Eton,イートン,,,,,,,,,
328,Etro,エトロ,,,,エトロ,1001727,,,,
329,Eva Alexander,エヴァアレキサンダー,,,,,,,,,
330,Everly Grey,エヴァリーグレー?,,,,,,,,,
331,Everybody,エブリバディ,,,,,,,,,
332,Eyeko,アイコ,×,×,,,,,,,
333,Ezekiel,エゼキエル,,,,,,,,,
334,Fabiana Filippi,ファビアナフィリッピ,,,,,,Fabiana Filippi,,,
335,Fantasie,ファンタジー,,,,,,,,,
336,FAVIANA,ファビアナ,,,,,,,,,
337,FELICITY & COCO,フィリシティー?&?コー?,,,,,,,,,
338,Felina,フェリーナ,,,,,,,,,
339,Fendi,フェンディ,,,,フェンディ,1000796,,,,
340,Fergie,ファーギー,,,,,,,,,
341,Ficcare,フィカレ,,,,,,,,,
342,Fidelity Denim,フィデリティ・デニム,,,,,,,,,
343,Filling Pieces,フィリング・ピース,×,×,,,,FILLING PIECES,,,
344,Filson,フィルソン,,,,フィルソン,1002384,FILSON(フィルソン),,,
345,Finders Keepers the Label,ファインダーズキーパーズ ザラベル,,,,,,,,,
346,Finn Comfort,フィンコンフォート,,,,,,[フィンコンフォート] Finn Comfort,,,
347,FIORENTINI + BAKER,フィオレニティー+ベイカー,,,,,,FIORENTINI+BAKER(フィオレンティーニ ベイカー),,,
348,Fire,ファイア,,,,,,,,,
349,FISHS EDDY,フィッシュズエディ,,,,,,,,,
350,FitFlop,フィットフロップ,,,,,,fitflop(フィットフロップ),,,
351,FLIGHT 001,フライトワン,,,,,,,,,
352,Florsheim,フローシャイム,,,,,,FLORSHEIM(フローシャイム),,,
353,Flowers by Zoe,フラワーズバイゾエ,,,,,,,,,
354,Fly London,フライ?ロンドン?,,,,,,Fly London,,,
355,Folle de Joie,フォール・ドゥ・ジョア,,,,,,,,,
356,For Love & Lemons,フォーラブアンドレモン,,,,,,,,,
357,FOREO,フォレオ,×,×,,,,,,,
358,Fossil,フォッシル,,,,,,,,,
359,Foxcroft,フォックスクロフト,,,,,,,,,
360,Fraiche by J,フレーシュ?バイ?ジェイ?,,,,,,,,,
361,Frame,フレーム?,,,,,,,,,
362,France Luxe,フランスラックス,,,,,,,,,
363,Franco Sarto,フランコサルト,,,,,,,,,
364,Fred Perry,フレッドペリー,,,,,,FRED PERRY(フレッドペリー),,,
365,Free People,フリー?ピープル?,,,,,,,,,
366,Freebird by Steven,フリーバード バイ スティ?ブン,,,,,,Freebird by Steven,,,
367,Freida Rothman,フリーダ・ロスマン,,,,,,,,,
368,French Connection,フレンチコネクション,,,,フレンチコネクション,1002414,French Connection,,,
369,French Sole,フレンチ?ソール?,,,,,,French Sole,,,
370,Fresh,フレッシュ,×,×,,,,,,,
371,Freshly Picked,フレッシュピックト,,,,,,Freshly Picked(フレッシュリーピック),,,
372,Freshman,フレッシュマン?,,,,,,,,,
373,Freya,フレイア,,,,,,,,,
374,Fringe Studio,フリンジ?スタジオ,,,,,,,,,
375,Frye,フライ,,,,,,FRYE,,,
376,Fuzzi,ファッジ,,,,,,,,,
377,G.H. Bass & Co.,ジー・エイチ・バス?&?コー.?,,,,,,G.H.BASS(ジーエイチバス),,,
378,Gabby Skye,ギャビ?ースカイ,,,,,,,,,
379,Gabor,ガボール,,,,ガボール,1001815,Gabor(ガボール),,,
380,Gallery,ギャラリ?ー,,,,,,,,,
381,Gant,ガント,,,,,,,,,
382,GENTLE MONSTER,ジェントル?モンスタ?ー,,,,,,,,,
383,Gentle Souls,ジェントル?ソウルズ?,,,,,,,,,
384,Geox,ジェオックス,,,,,,,,,
385,Ghurka,グルカ,,,,,,,,,
386,Gibson,ギブソン,,,,,,,,,
387,Giesswein,ギースヴァイン,,,,,,GIESSWEIN(ギースヴァイン),,,
388,Giorgio Armani,ジョルジオアルマーニ,×,×,,,,,,,
389,Giraffe at Home,ジラーフ?アット?ホーム?,,,,,,,,,
390,Gitman,ギットマン,,,,,,,,,
391,Giuseppe Zanotti,ジュゼッペ・ザノッティ,,,,,,GIUSEPPE ZANOTTI DESIGN(ジュゼッペザノッティデザイン),,,
392,Givenchy,ジバンシィ,,,,ジバンシィ,1000766,GIVENCHY(ジバンシー),,,
393,GLAMOROUS,グラマラス?,,,,,,glamorous,,,
394,Glint,グリント?,,,,,,,,,
395,Glitzy Bella,グリッツィー・ベラ?,×,×,,,,,,,
396,GO SMiLE,ゴー?スマイル,×,×,,,,,,,
397,Golden Goose,ゴールデングース?,,,,ゴールデングース?,1001918,The Golden Goose(ゴールデングース),,,
398,Good Man Brand,グッドマンバン,,,,,,,,,
399,Goorin Brothers,グーリンブラザーズ,,,,,,,,,
400,Gordon Rush,ゴードンラッシュ,,,,,,Gordon Rush,,,
401,Gorgeous Cosmetics,ゴージャス?コスメティックス?,×,×,,,,,,,
402,gorjana,ゴリアナ,,,,,,,,,
403,Gramicci,グラミチ,,,,グラミチ,1001865,GRAMICCI(グラミチ),,,
404,Grayers,グレイヤーズ,,,,,,,,,
405,Grey Jason Wu,グレイ ジェイソン ウー,,,,,,JASON WU(ジェイソン ウー),,,
406,G-Shock,ジー ショック?,,,,,,,,,
407,G-Star Raw,ジースターロゥ,,,,,,G-Star Raw(ジースター ロゥ),,,
408,Gucci,グッチ,,,,グッチ,1000751,GUCCI(グッチ),,,
409,Guerlain,ゲラン,×,×,,ゲラン,1000758,,,,
410,GUESS,ゲス?,,,,ゲス?,1001885,GUESS(ゲス),,,
411,Gund,ガンド,,,,,,,,,
412,H by Hudson,エイチ?バイ?ハドソン,,,,,,H by hudson(エイチバイハドソン),,,
413,Haflinger,ハフリンガー,,,,,,[ハフリンガー] HAFLINGER,,,
414,Haider Ackermann,ハイダーアッカーマン,,,,,,,,,
415,Halogen,ハロゲン,,,,,,,,,
416,Halston Heritage,ホルストンヘリテイジ,,,,,,,,,
417,Hanky Panky,ハンキー?パンキー,,,,,,,,,
418,Hanna Andersson,ハナ・アンダーソン,,,,,,,,,
419,In Bloom by Jonquil,イン?ブルーム?バイ?ジョンクイル,,,,,,,,,
420,IN Cashmere,イン?カシミア,,,,,,,,,
421,Incase Designs,インケース?デザインズ,,,,,,INCASE(インケース),,,
422,INES DI SANTO,イネス ディ サント,,,,,,,,,
423,intraceuticals,イントラセティカル,×,×,,,,,,,
424,Ipanema,イパネマ,,,,,,ipanema(イパネマ),,,
425,IRO,イロ,,,,,,,,,
426,Isabel Garreton,イザベルガレットン?,,,,,,,,,
427,Isabella Oliver,イザベラ?オリバー,,,,,,,,,
428,ISABELLE ARMSTRONG,イザベラアームストロング,,,,,,,,,
429,Isobella & Chloe,イゾベラアンドクロエ,×,×,,,,,,,
430,Ivanka Trump,イヴァンカトランプ,,,,,,Ivanka Trump,,,
431,Ivy Kirzhner,アイビーカーズナー,,,,,,IVY KIRZHNER,,,
432,IVY PARK,アイビーパーク?,,,,,,,,,
433,J Brand,ジェイ?ブランド?,,,,,,,,,
434,J Kara,ジェイ?カラ,,,,,,,,,
435,J&M 1850,ジェイ&エム?1850?,,,,,,,,,
436,J.O.A.,ジョア,,,,ジョア,1002020,,,,
437,J.W.ANDERSON,ジェイ.ダブリュー.アンダーソン,,,,,,,,,
438,J.Z. Richards,ジェイズィー?リチャーズ?,,,,,,,,,
439,Jack Rogers,ジャック?ロジャース,,,,,,Jack Rogers(ジャックロジャース),,,
440,Jack Spade,ジャック・スペード,,,,,,,,,
441,Jag Jeans,ジャグ?ジーンズ?,,,,,,,,,
442,Jaipur,ジェイプール,,,,,,,,,
443,Jambu,ジャンブー,,,,,,Jambu,,,
444,James Jeans,ジェイムズ?ジーンズ?,,,,,,,,,
445,James Perse,ジェイムズ?パース,,,,,,JAMES PERSE(ジェームスパース),,,
446,JANE BASCH DESIGNS,ジェインバシュデザインズ,,,,,,,,,
447,Jane Iredale,ジェイン・アイデール,×,×,,,,,,,
448,Janessa Leone,ジャーナルスタンダード,,,,ジャーナルスタンダード,1002009,,,,
449,Jason Wu,ジェイソンウー,,,,,,,,,
450,Jay Godfrey,ジャイソンゴッドフリー,,,,,,,,,
451,JB Britches,ジェイビー ブリッチズ,,,,,,,,,
452,Jeffrey Campbell,ジェフリーキャンベル,,,,ジェフリーキャンベル,1001990,,,,
453,Jellycat,ジェリーキャット,,,,,,,,,
454,Jenny Yoo,ジェニ?ーヨー,,,,,,,,,
455,Jeremiah,ジェレミア,,,,,,,,,
456,Jerusalem Sandals,ジャルサレム?サンダルズ?,,,,,,JERUSALEM SANDALS,,,
457,Jessica McClintock,ジェシカ・マクリントック,,,,,,,,,
458,Jessica Simpson,ジェシカシンプソン,,,,,,Jessica Simpson(ジェシカシンプソン),,,
459,Jill Jill Stuart,ジル?ジル?スチュアート?,,,,,,,,,
460,Jim Hjelm Occasions,ジム イエルム オケイジョンズ,,,,,,,,,
461,Jimmy Choo,ジミーチュウ,△,△,,ジミーチュウ,1001997,Jimmy Choo(ジミーチュウ),,,
462,JINsoon,ジンスーン,×,×,,,,,,,
463,Joan Calabrese for Mon Cheri,ジョーン?カラブレッセフォー?モン?チェリ,,,,,,,,,
464,Joe's,ジョーズ?,,,,,,,,,
465,John Hardy,ジョンハーディー,,,,,,,,,
466,John Varvatos Collection,ジョンバルベイトスコレクション,,,,,,JOHN VARVATOS(ジョン ヴァルヴェイトス),,,
467,John Varvatos Star USA,ジョン・バルバイトス スター ユーエスエー,,,,,,JOHN VARVATOS(ジョン ヴァルヴェイトス),,,
468,John W. Nordstrom,ジョン?ダブリュー ノードストローム,,,,,,,,,
469,Johnston & Murphy,,,,,,,Johnston & Murphy,,,
470,Joie,ジョア,,,,ジョア,1002020,,,,
471,Jolt,ジョルト?,,,,,,,,,
472,Jonathan Adler,ジョナサン?アンドラー,,,,,,,,,
473,Jonathan Simkhai,ジョナサン?シンカイ,,,,,,,,,
474,Joovy,ジュービー,×,×,,,,,,,
475,Josef Seibel,ヨーゼフサイ,,,,,,Josef Seibel,,,
476,JOSEPH,ジョーゼフ,,,,,,,,,
477,Josie,ジョジー,,,,,,,,,
478,Jouer,ジュエ,×,×,,,,,,,
479,Joules,ジュールズ?,,,,,,ジュールズ Joules,,,
480,JS Collections,ジェイエスコレクションズ,,,,,,,,,
481,JSLIDES,ジェースライズ,,,,,,J/SLIDES(ジェイスライズ),,,
482,Ju-Ju-Be,ジュジュビー?,,,,,,Ju Ju Be,,,
483,Julep Beauty,ジュジュビューティー,×,×,,,,,,,
484,JULES SMITH,ジュール・?スミス?,,,,,,,,,
485,Julia Jordan,ジュリア?ジョーダン?,,,,,,,,,
486,Juliska,ジュリスカ,,,,,,,,,
487,Jump,ジャンプ,,,,,,,,,
488,Jumping Jacks,ジャンピン?ジャクス?,,,,,,,,,
489,JUNAROSE,ジュナローズ,,,,,,,,,
490,Junk Food,ジャンク?フード?,,,,,,,,,
491,Junya Watanabe,ジュンワタナベ,,,,,,JUNYA WATANABE(ジュンヤワタナベ),,,
492,K.Jacques St. Tropez,カー・ジャック・サントロペ,,,,,,カー ジャック K. Jacques,,,
493,Kaenon,ケーノン,,,,,,,,,
494,Kamik,カミック,,,,,,Kamik(カミック),,,
495,Kane & Unke,ケイン バーニ・ヴァーノ ウンカ,,,,,,,,,
496,KARDASHIAN KIDS,カーダシアンキッズ,,,,,,,,,
497,Karen Kane,カレンケーン,,,,,,,,,
498,KAREN WALKER,カレン?ウォーカ?,,,,,,Karen Walker,,,
499,KARL LAGERFELD,カール・ラガーフェルド,,,,,,KARL LAGERFELD カール ラガーフェルド,,,
500,KAS Designs,,,,,,,,,,
501,KASSATEX,カサテックス,×,×,,,,,,,
502,Kat Burki,,×,×,,,,,,,
503,Kate Somerville,,×,×,,,,,,,
504,kate spade new york,ケイト?スペイド?ニュー?ヨーク?,,,,,,Kate spade(ケイトスペード),,,
505,Kay Unger,ケイアンガー,,,,,,,,,
506,Keds,ケッズ,,,,,,Keds(ケッズ),,,
507,Keen,キーン?,,,,キーン?,1000962,KEEN(キーン),,,
508,Keepsake the Label,キープセイク?ザ?レイブル?,,,,,,,,,
509,KENDALL + KYLIE,ケンダルアンドカイリー,,,,,,,,,
510,Kendra Scott,ケンドラスコット,,,,,,,,,
511,Kennebunk Home,,,,,,,,,,
512,Kenneth Cole New York,ケネス?コール?ニュー?ヨーク?,,,,,,Kenneth Cole,,,
513,kensie girl,ケンジーガール,,,,,,,,,
514,kensie,ケンジー,,,,,,,,,
515,KENZO,ケンゾー,,,,ケンゾー,1000759,KENZO(ケンゾー),,,
516,Kevyn Aucoin Beauty,,×,×,,,,,,,
517,Kiehl's Since 1851,キールズ,,,,,,,,,
518,kismet by milka,キスメットバイミルカ,,,,,,,,,
519,Klub Nico,クラブニコ,,,,,,クラブニコ Klub Nico,,,
520,KNOMO London,ノモ?ロンドン?,,,,,,KNOMO London(ノモ ロンドン),,,
521,KOBI HALPERIN,コビハルペイン,,,,,,,,,
522,Koh Gen Do,,×,×,,,,,,,
523,Komarov,コマロフ,,,,,,,,,
524,Konstantino,コンスタンティーノ,,,,,,,,,
525,Kork-Ease,コークイーズ,,,,,,Kork-Ease,,,
526,Kristen Blake,クリスティアン?ブレイク?,,,,,,,,,
527,Kristin Cavallari,クリスティンカヴァラリ,,,,,,Kristin Cavallari,,,
528,Kroon,,,,,,,,,,
529,K-Swiss,ケースイス,,,,ケースイス,1000861,K-SWISS(ケースイス),,,
530,KUT from the Kloth,カットフロムダクロス,,,,,,,,,
531,Kwiat,,,,,,,,,,
532,L Space,エル?スペース?,,,,,,,,,
533,L. Erickson,エル.?エリクソン,,,,,,,,,
534,L.B. Evans,エル.ビー.?エヴァンズ?,,,,,,L.B. Evans(エルビー エバンス),,,
535,L.K. Bennett,エル.ケイ.?ベネット,,,,,,,,,
536,La Blanca,,,,,,,,,,
537,La Canadienne,カナディアンヌ,,,,,,,,,
538,La Femme,ラファム?,,,,,,,,,
539,La Mer,ラー?メール,×,×,,,,,,,
540,La Perla,ラぺルラ,,,,,,,,,
541,La Prairie,ラプレリー,×,×,,,,,,,
542,Lacoste,ラコステ,,,,ラコステ,1000808,,,,
543,Lafayette 148 New York,ラフィエット,,,,,,,,,
544,L'AGENCE,ラジャンス,,,,,,,,,
545,L'Agent by Agent Provocateur,ラジャンス,,,,,,,,,
546,LAGOS,ラーゴス,,,,,,,,,
547,LAMARQUE,ラマルク,,,,,,,,,
548,L'Amour Des Pieds,,,,,,,L'Amour Des Pieds,,,
549,Lana Jewelry,ラナ?ジュエリー?,,,,,,,,,
550,Lancome,,×,×,,,,,,,
551,Lanvin,ランバン,△,△,,ランバン,1000812,,,,
552,Laundry by Shelli Segal,ランドリーバイシェリーシーガル,,,,,,,,,
553,Laura Ashley,ローラ?アシュレイ?,,,,,,Laura Ashley(ローラアシュレイ),,,
554,Laura Geller Beauty,,×,×,,,,,,,
555,Laura Mercier,,×,×,,,,,,,
556,Lauren Ralph Lauren,ラルフローレン,,,,ラルフローレン,1000810,,,,
557,Lazaro,ラザロ,,,,,,,,,
558,LE CREUSET,,×,×,,,,,,,
559,Le Specs,,,,,,,,,,
560,Ledbury,,,,,,,,,,
561,LEGO,レゴ,,,,レゴ,1002750,,,,
562,Leith,,,,,,,,,,
563,Lela Rose Bridesmaid,レラローズ,,,,,,,,,
564,Lela Rose,レラローズ,,,,,,,,,
565,Leota,レオタ,,,,,,,,,
566,Levi's Made & Crafted,リーヴァイス,,,,,,Levi's(リーバイス),,,
567,Levi's Vintage Clothing,リーヴァイス,,,,,,Levi's(リーバイス),,,
568,Levi's,リーヴァイス,,,,,,Levi's(リーバイス),,,
569,Levtex,,×,×,,,,,,,
570,Lexdray,レックスドレイ,,,,,,LEXDRAY,,,
571,LIKELY,ライクリ?ー,,,,,,,,,
572,Lilly Pulitzer,リリー・ピュリッツァー,,,,,,,,,
573,Limeapple,,×,×,,,,,,,
574,Linea Naturale,,,,,,,,,,
575,Lipstick Queen,,×,×,,,,,,,
576,Little Giraffe,リトル?ジラフ?,,,,,,,,,
577,Little Me,リトル?ミー?,,,,,,,,,
578,Little Things Mean a Lot,リトル?スィングズ?ミーン?ア?ロット?,,,,,,,,,
579,Liverpool Jeans Company,リヴァプール?ジーンズ?カンパニー,,,,,,,,,
580,Livie & Luca,,,,,,,,,,
581,LLOYD,ロイド?,,,,,,,,,
582,LNA,エル エヌ エー?,,,,,,,,,
583,L'Occitane,,×,×,,,,,,,
584,Lodis,ローディス,,,,,,Lodis,,,
585,Loeffler Randall,ロフランドール,,,,,,Loeffler Randall【ロフラー ランダル】,,,
586,LOEWE,ロエベ,,,,ロエベ,1000816,LOEWE(ロエベ),,,
587,Lole,ローレ,,,,,,,,,
588,LOLOI,ロロイ,,,,,,,,,
589,London Fog,ロンドン?フォグ?,,,,,,LONDON FOG（ロンドン フォグ）,,,
590,Longchamp,ロンシャン,,,,ロンシャン,1002787,,,,
591,LORAC,,×,×,,,,,,,
592,Lorenzo Uomo,,,,,,,,,,
593,Louise et Cie,,,,,,,Louise et Cie,,,
594,Love and Liberty,ラブアンドリバティ,,,,,,,,,
595,Love Token,ラヴ?トークン?,,,,,,,,,
596,LOVEAPPELLA,,,,,,,,,,
597,Lucchese,ルケーシー,,,,,,Lucchese,,,
598,Lucky Brand,ラッキーブランド,,,,,,Lucky Brand,,,
599,Luli Fama,ルリファマ,,,,,,,,,
600,Lulus,ルルズ,,,,,,,,,
601,Lush,ラッシュ?,,,,ラッシュ?,1003113,,,,
602,M.i.h. Jeans,エム アイ エイチ ジーンズ?,,,,,,,,,
603,Maaji,マージ,,,,,,,,,
604,Mac Duggal,マック?ドゥガル,,,,,,,,,
605,Mackage,マッカージュ,,,,,,,,,
606,Madewell,メイドウェル,,,,,,,,,
607,Maggy London,マギーロンドン,,,,,,,,,
608,Magnanni,マグナー二,,,,,,,,,
609,Magnolia Home,マグノリアベーカリー,×,×,,,,,,,
610,MAIDS Rory Beca,メイド ロリーベッカ,,,,,,,,,
611,Maison Forte,メゾンフォルテ,,,,,,Maison Forte,,,
612,Majestic Filatures,マジェスチックフィラチュール,×,×,,,,,,,
613,Majestic International,マジェスティック?インターナショナル?,,,,,,,,,
614,Majorica,マジョリカ,,,,,,,,,
615,Make + Model,メイク?+?モデル,,,,,,,,,
616,Maker & Company,メイカー?&?カンパニー?,,,,,,,,,
617,Malie Organics,マリオオーガ二クス,×,×,,,,,,,
618,MALONE SOULIERS,マローン・スリアーズ,,,,,,マローンスリアーズ Malone Sou,,,
619,Manolo Blahnik,マノロブラニク,,,,,,,,,
620,MARC FISHER LTD,マーク・フィッシャー リーカー,,,,,,Marc Fisher LTD(マーク フィッシャー),,,
621,Marc Joseph New York,マークジョセフニューヨーク,,,,,,Marc Joseph New York,,,
622,MARC NEW YORK,マーク?ニュー?ヨーク?,,,,,,,,,
623,Marchesa,マルケッサ,,,,,,,,,
624,Marco Bicego,マルコビチェゴ,,,,,,,,,
625,Marina,マリーナ?,,,,,,,,,
626,Mario Badescu,マリオバデスク,×,×,,,,,,,
627,Mark Cross,マーク?クロス?,,,,,,Mark Cross (マーククロス),,,
628,Marni,マルニ,,,,マルニ,1002560,MARNI(マルニ),,,
629,Martin Dingman,マーティン?ディグマン,,,,,,MARTIN DINGMAN (マーティンディングマン),,,
630,Marula,マルラ,×,×,,,,,,,
631,Mary Katrantzou,メアリーカトランズ,,,,,,,,,
632,Maternal America,マターナルアメリカ,,,,,,,,,
633,Matisse,マティス,,,,,,Matisse,,,
634,Matt & Nat,マット・アンド・ナット,,,,,,Matt & Nat,,,
635,Maui Jim,マウイ ジム,,,,,,,,,
636,Mavi Jeans,マーヴィ ジーンズ,,,,,,,,,
637,Max Mara,マックスマーラ,,,,マックスマーラ,1002542,,,,
638,Maxi-Cosi,マキシコシ,×,×,,マキシコシ,1002532,,,,
639,MCM,エム シー エム?,,,,,,MCM(エムシーエム),,,
640,McQ by Alexander McQueen,マックキューアレキサンダー・マックイーン,,,,,,McQ Alexander McQueen(McQアレキサンダーマックイーン),,,
641,MDSolarSciences,,×,×,,,,,,,
642,Me to We,,,,,,,Me to We,,,
643,Me Too,,,,,,,,,,
644,Meira T,メイラティ,,,,,,,,,
645,Mel by Melissa,メル?バイ?メリッサ,,,,,,Mel by Melissa,,,
646,Melissa & Doug,メリッサ&タグ,,,,,,,,,
647,Melissa Joy Manning,マリサ?ジョイ?マニング,,,,,,,,,
648,Melissa McCarthy Seven7,マリサ?マカーシー?セブン7?,,,,,,,,,
649,Menbur,メンブル,,,,,,,,,
650,Mephisto,メフィスト,,,,,,Mephisto,,,
651,Merrell,メレル,,,,メレル,1000960,MERRELL(メレル),,,
652,Mezlan,メツラン,,,,,,Mezlan(メツラン),,,
653,Mia Chica,ミアチカ,,,,,,,,,
654,MIA,ミア,,,,,,,,,
655,Miansai,ミアンサイ,,,,,,,,,
656,Michael Aram,マイケルアラム,,,,,,,,,
657,Michael Kors,ブランド マイケルコース,,,,,,Michael Kors,,,
658,Michael Toschi,マイカル?トスチ,,,,,,,,,
659,MICHELE,ミッシェル,,,,,,,,,
660,Midnight by Carole Hochman,ミッドナイト?バイ?キャロルホフマン?,,,,,,,,,
661,MIKEYLIN'S,,,,,,,,,,
662,Mikimoto,ミキモト,,,,ミキモト,1003657,,,,
663,Milly Minis,ミリーミニミニ,,,,,,,,,
664,Milly,ミリ?ー,,,,,,,,,
665,Mimi Chica,ミイチカ,,,,,,,,,
666,Ming Wang,ミング・ワング,,,,,,,,,
667,Mini Boden,ミニ?ボーデン,,,,,,,,,
668,Mini Melissa,ミニメリッサ,,,,,,Mini Melissa(ミニメリッサ),,,
669,MINKPINK,ミンクピンク,,,,ミンクピンク,1002603,,,,
670,Minnetonka,ミネトンカ,,,,ミネトンカ,1000571,MINNETONKA(ミネトンカ),,,
671,Miracle Skin Transformer,ミラクル?スキン?トランスフォーマ?,×,×,,,,,,,
672,Naturalizer,ナチゥラライザ?ー,,,,,,naturalizer ナチュラライザー,,,
673,Nau,ナウ,,,,,,,,,
674,Needle & Thread,ニードル?&?スレッド?,,,,,,,,,
675,Neil Barrett,ニール?バレット,,,,,,,,,
676,Neil M,ネイル エム?,,,,,,ニールエム Neil M,,,
677,New Balance,ニュー?バランス?,,,,,,new balance(ニューバランス),,,
678,New Era Cap,ニュー?エラ?キャップ?,,,,,,NEW ERA(ニューエラ),,,
679,NIC+ZOE,ニックアンドゾー,,,,,,,,,
680,Nicole Miller,ニコル?ミラー?,,,,,,,,,
681,Nike,ナイキー?,,,,ナイキ,1000588,NIKE(ナイキ),,,
682,Nina Originals,ニーナ?オリジナル?,,,,,,Nina Originals(ニナ オリジナル),,,
683,Nina Ricci,ニナリッチ,,,,,,NINA RICCI(ニナ リッチ),,,
684,Nina,ニーナ?,,,,,,Nina (ニナ),,,
685,Nine West,ナイン?ウエスト?,,,,,,NINE WEST(ナインウエスト),,,
686,Nixon,ニクソン,,,,ニクソン,1002220,,,,
687,Noodle & Boo,ヌードル?&?ブー?,×,×,,,,,,,
688,Nordstrom at Home,ノードストロームアット?ホーム?,×,×,,,,,,,
689,Nordstrom Baby,ノードストロームベイビー?,,,,,,,,,
690,Nordstrom Collection,ノードストロームコレクション,,,,,,,,,
691,Nordstrom Lingerie,ノードストロームランジェリー,,,,,,,,,
692,Nordstrom Men's Shop,ノードストローム メンズショップ,,,,,,,,,
693,Nordstrom Signature and Caroline Issa,ノードストローム シグネチャーアンドキャロライン,,,,,,,,,
694,Nordstrom,ノードストローム,×,×,,,,,,,
695,Norse Projects,ノース?プロジェクツ?,,,,,,,,,
696,nouvelle AMSALE,ヌーベル アムサーラ,,,,,,,,,
697,NSR,,,,,,,,,,
698,Nudie Jeans,ヌーディージーンズ,,,,ヌーディージーンズ,1000933,,,,
699,nuna,ヌナ,×,×,,,,,,,
700,NYDJ,エン ワイ ディー ジェイ?,,,,,,,,,
701,Oakley,オークリ?ー,,,,,,,,,
702,Obey,オベイ,,,,,,,,,
703,Obsessive Compulsive Cosmetics,オブセッシブ コンパルシブ コスメティック,×,×,,,,,,,
704,Old Gringo,オールド?グリンゴー,,,,,,,,,
705,OLIA ZAVOZINA,オリラザボジニア,,,,,,,,,
706,Olian,オリアン,,,,,,,,,
707,Oliver Gal,オリバーガル,,,,,,,,,
708,Oliver Peoples,オリバー?ピープルズ?,,,,,,,,,
709,Oliver Sweeney,オリバースウィーニー,×,×,,,,Oliver Sweeney(オリバースウィーニー),,,
710,OLIVIA BURTON,アリバー バートン,,,,,,,,,
711,Olivia Moon,オリビアムーン,×,×,,,,,,,
712,Olivia Palermo + Chelsea28,アリビアアパレルモ?+?チェルスシー28?,×,×,,,,,,,
713,OluKai,オルカイ,,,,,,OluKai(オルカイ),,,
714,Omorovicza,オモロヴィッツァ,×,×,,,,,,,
715,On Gossamer,オンゴサマー?,,,,,,,,,
716,O'Neill,オニール,,,,オニール,1001775,,,,
717,Onex,オネックス,,,,,,Onex,,,
718,ONIA,オニア,,,,,,,,,
719,Onitsuka Tiger,オニツカタイガー,,,,オニツカタイガー,1001774,Onitsuka Tiger(オニツカタイガー),,,
720,Only Hearts,オーンリー・?ハーツ?,,,,,,,,,
721,ONZIE,オンジー,,,,,,,,,
722,Opening Ceremony,オープニングセレモニー,,,,,,OPENING CEREMONY(オープニング セレモニー),,,
723,orbit baby,オービット?ベイビー,×,×,,,,,,,
724,Original Paperbacks,オリジナル ペーパーバックス,×,×,,,,,,,
725,Original Penguin,オリジナルペンギン,,,,,,Original Penguin,,,
726,Orlebar Brown,オールバー・ブラウン?,,,,,,,,,
727,OROBLU,オロブル,,,,,,,,,
728,Oscar de la Renta Sleepwear,オスカーデラレンタ,,,,,,,,,
729,Osmotics Cosmeceuticals,オズモティックス?コスメシューティカルズ,×,×,,,,,,,
730,OTBT,オー ティー ビー ティー?,,,,,,OTBT,,,
731,P'kolino,ピコリーノ,×,×,,,,,,,
732,Paige Denim,ペイジ?デニム?,×,×,,,,,,,
733,Pam & Gela,パムアンドジェラ,,,,,,,,,
734,Pamella Roland,パメラローランド?,,,,,,,,,
735,Pamella, Pamella Roland,パメラ パメラローランド?,,,,,,,,,
736,Panacea,パナチュア,,,,,,,,,
737,Panache,パナシェ,,,,,,,,,
738,PANDORA,パンドラ?,,,,,,,,,
739,Pantherella,パンセレラ,,,,,,,,,
740,Paper Crown,ペイパー?クラウン?,,,,,,,,,
741,Parker,パーカ?,,,,,,,,,
742,Patagonia,パタゴニア,,,,パタゴニア,1002307,,,,
743,Patricia Nash,パトリシア ナッシュ,,,,,,Patricia Nash,,,
744,Patrik Ervell,パトリックイベール,,,,,,,,,
745,Paul & Joe Sister,ポール?&?ジョー?シスター,,,,,,,,,
746,Paul & Shark,ポール?&?シャーク?,,,,,,,,,
747,Paul Andrew,ポール?アンドリュー,,,,,,Paul Andrew,,,
748,Paul Green,ポール?グリーン?,,,,,,Paul Green,,,
749,Paul Smith Jeans,ポール?スミス?ジーンズ?,×,×,,,,,,,
750,Paul Smith London,ポール?スミス?ロンドン?,,,,,,,,,
751,Paul Smith,ポール?スミス?,,,,ポール?スミス?,1000801,,,,
752,Pedro Garcia,ペドロガルシア,,,,,,ペドロガルシア Pedro Garcia,,,
753,Peek,ピーク?,,,,,,,,,
754,Pelle Moda,ペレモーダ,,,,,,Pelle Moda,,,
755,Pendleton,ペンドルトン(,,,,,1002503,,,,
756,People Footwear,ピープル?フットウェア?,,,,,,PEOPLE FOOTWEAR(ピープルフットウェア),,,
757,Persol,ペルソール,,,,,,,,,
758,Peter Millar,ピーターミラー,,,,,,,,,
759,Peter Thomas Roth,ピーター・トーマス・ロス,×,×,,,,,,,
760,Petunia Pickle Bottom,ペチュニアピックルボトム,,,,,,Petunia Pickle Bottom　（ペチュニアピックルボトム）,,,
761,Phase 3,フェイズ?スリー,,,,,,,,,
762,philosophy,フィロソフィ,,,,,,,,,
763,Pierre Balmain,ピエールバルマン,,,,,,BALMAIN(バルマン),,,
764,PIKOLINOS,ピコリノス,,,,,,PIKOLINOS(ピコリノス),,,
765,pink paradox London,ピンク?パラドックス?ロンドン?,,,,,,Paradox London Pink,,,
766,Pink Tartan,ピンク?タータン?,,,,,,,,,
767,Pippa & Julie,ピッパアンドジュリー?,,,,,,,,,
768,Pisarro Nights,ピサロナイツ?,,,,,,,,,
769,PJ Salvage,ピー.ジェイ.サルベージ,,,,,,,,,
770,PLAE,,,,,,,Plae,,,
771,Pleione,,,,,,,,,,
772,Plenty by Tracy Reese,プレンティ?バイ?トレイシーリース,,,,,,,,,
773,PLH Bows & Laces,,,,,,,,,,
774,PMD,,×,×,,,,,,,
775,POETIC WANDERLUST,,×,×,,,,,,,
776,Polaroid,ポラロイド,,,,,,,,,
777,Polo Ralph Lauren,ポーロ ラルフローレン,,,,,,,,,
778,Pom Pom at Home,ポム?ポム?アット?ホーム?,×,×,,,,,,,
779,Popatu,ポパチュ,,,,,,,,,
780,Porsche Design,ポルシェ デザイン,,,,,,,,,
781,Posh Wellies,ポシュ?ウェリーズ?,,,,,,Posh Wellies,,,
782,Pour la Victoire,ポーララビクトレー,,,,,,Pour La Victoire(ポーラ ラ ビクトレー),,,
783,POVERTY FLATS by rian,ポバティ・フラット・バイ・レイン,,,,,,Poverty Flats,,,
784,Prabal Gurung,プラバル・グルン,,,,,,,,,
785,Prada,プラダ?,,,,プラダ?,1000797,PRADA(プラダ),,,
786,Pretty Polly,プリティポリー?,,,,,,,,,
787,PREVAGE,プリベージ,×,×,,,,,,,
788,Primigi,プリミギ,,,,,,Primig,,,
789,PRIMITIVES BY KATHY,プリミティブスバイキャシー,×,×,,,,,,,
790,Proenza Schouler,プロエンザスクーラー,,,,,,PROENZA SCHOULER(プロエンザスクーラー),,,
791,Profile By Gottex,プロファイルバイゴテックス,,,,,,,,,
792,Project Social T,プロジェクト?ソーシャル?ティー,,,,,,,,,
793,PRPS,ピー アール ピー エス?,,,,,,,,,
794,PS Paul Smith,ピー エス?ポール?スミス?,,,,,,,,,
795,Psycho Bunny,サイコバニー,,,,,,,,,
796,Public School,パブリック?スクール?,,,,,,,,,
797,PUMA,プーマ,,,,プーマ,1000794,PUMA(プーマ),,,
798,Quiksilver Waterman Collection,クイックシルバー ウォーター マンコレクション,,,,クイックシルバー ウォーター マンコレクション,1001838,QUIKSILVER(クイックシルバー),,,
799,Quiksilver,クイックシルバー,,,,クイックシルバー,1001838,QUIKSILVER(クイックシルバー),,,
800,Rachel Zoe,レイチャル?ゾー,,,,,,,,,
801,RAEN,レイン,,,,,,,,,
802,rag & bone,ラグ?&?ボーン?,,,,,,,,,
803,rag & boneJEAN,ラグ＆ボーンジーンズ,,,,,,,,,
804,Rails,レイルズ?,,,,,,,,,
805,Rainbow,レインボー?,,,,,,Rainbow,,,
806,RAINFOREST,レインフォレスト,,,,,,,,,
807,Ralph Lauren,ラルフ?ローレン,,,,ラルフ?ローレン,1000810,,,,
808,Randolph Engineering,ランドルフ エンジニアリング,,,,,,,,,
809,Ravi Ratan,ラビラタン,,,,,,,,,
810,Ray-Ban,レイ バン?,,,,,,,,,
811,Reaction Kenneth Cole,リアクション?ケネスコール?,,,,,,Reaction Kenneth Cole,,,
812,Rebecca Minkoff,レベッカミンコフ,,,,,,,,,
813,Rebecca Taylor,レベッカテイラー,,,,レベッカテイラー,1002761,,,,
814,Red Carpet Manicure,レッド?カーぺット?マニキュア?,×,×,,,,,,,
815,Red Jacket,レッド?ジャケット?,,,,,,,,,
816,RED Valentino,レッドヴァレンティノ,,,,,,,,,
817,Red Wing,レッド・ウィング,,,,レッド・ウィング,1000602,,,,
818,Redvanly,,×,×,,,,,,,
819,Reebok,リーボック,,,,リーボック,1000586,Reebok(リーボック),,,
820,Reef,リーフ?,,,,,,REEF(リーフ),,,
821,Reem Acra,リームアクラ,,,,,,,,,
822,Remo Tulliani,レモ・トリアーニ,,,,,,,,,
823,Remy Leather,レミー レザー,,,,,,,,,
824,Retro Brand,レトロー?ブランド?,,,,,,,,,
825,RevitaLash,リバイタラッシュ,×,×,,,,,,,
826,Rhone,ロンヌ,,,,,,,,,
827,Rick Owens DRKSHDW,リック?オウエンスダークシャドウ,,,,,,,,,
828,Rick Owens,リック・オウエンス,,,,,,,,,
829,Rip Curl,リップ?カール,,,,,,,,,
830,RITA HAZAN NEW YORK,,×,×,,,,,,,
831,Ritmo Mundo,リトモ ムンド,×,×,,,,,,,
832,Rizzy Home,リズィーホーム?,×,×,,,,,,,
833,RMS Beauty,アール エム エス?ビューティ?,×,×,,,,,,,
834,Robeez,ロビーズ,,,,,,,,,
835,Robert Barakett,ロバート・バラーケット,,,,,,,,,
836,Robert Clergerie,ロベール・クレジュリー :,,,,,,Robert Clergerie(ロベールクレジュリー),,,
837,Robert Graham,ロバートグラハム,,,,,,,,,
838,Robert Talbott,ロバート?タルボット,,,,,,,,,
839,Robert Wayne,ロバート?ウェイン?,,,,,,,,,
840,Robert Zur,ロバートツア,,,,,,,,,
841,Roberto Cavalli,"ラビョートー カヴァリ
",,,,,,,,,
842,Roberto Coin,ロベルト・コイン,,,,,,,,,
843,Robin Piccone,ロビン・ピッコーネ,,,,,,,,,
844,Rock Revival,ロック?リバイバル,,,,,,,,,
845,Rockport,ロックポート,,,,ロックポート,1000972,ROCKPORT(ロックポート),,,
846,Rodarte,ロダルテ,,,,,,,,,
847,Rodd & Gunn,ロッド&ガン,,,,,,,,,
848,RODIN (Rodin Olio Lusso),ロダンオリオルッソ,×,×,,,,,,,
849,Romika,ロミカ,,,,,,Romika,,,
850,Rosa Clara,ロサ・クララ,,,,,,,,,
851,Rosanna,ロザンナ,×,×,,,,ROSANNA,,,
852,Roxy,ロキシー,,,,ロキシー,1002768,,,,
853,Ruby & Bloom,ルビー?&?ブルーム?,,,,,,,,,
854,Rue de Marli,リュードマルリ,×,×,,,,,,,
855,RVCA,ルーカ,,,,,,,,,
856,SACHAJUAN,サシャフアン,×,×,,,,,,,
857,Saint Laurent,サンローラン,,,,,,SAINT LAURENT サンローラン,,,
858,Sally Miller,サリ?ーミラ?ー,×,×,,,,,,,
859,Salt Water Sandals by Hoy,ソールト?ウォータ?サンダル バイ ホイ,,,,,,,,,
860,Salvatore Ferragamo,サルバトーレ フェラガモ,,,,サルバトーレ フェラガモ,1000795,Salvatore Ferragamo(サルヴァトーレ フェラガモ),,,
861,Sam Edelman,サムデルマン,,,,,,Sam Edelman,,,
862,Samuelsohn,サムエルソン,,,,,,,,,
863,Sanctuary,サンクチュアリ?,,,,,,Sanctuary,,,
864,Sandro Moscoloni,サンドロ・モスコローニ,,,,,,Sandro Moscoloni,,,
865,Santoni,サントーニ,,,,,,,,,
866,Sanuk,サヌーク,,,,,,SANUK(サヌーク),,,
867,Sanyo,サンヨー,,,,,,,,,
868,Sara Gabriel,サラ ガブリエル,,,,,,,,,
869,sara happ,サラ?ハップ,×,×,,,,,,,
870,Sara Kety Baby & Kids,サラ?ケティ ベビー?&?キズ?,,,,,,,,,
871,Saturdays NYC,サタデーズサーフニューヨークシティー,,,,,,,,,
872,Saucony,サッカニー,,,,サッカニー,1000956,SAUCONY(サッカニー),,,
873,Save your Sole,セイブユアソール,×,×,,,,,,,
874,Sbicca,スビカ,,,,,,スビカ Sbicca,,,
875,Scotch & Soda,スコッチアンドソーダ?,,,,,,,,,
876,Scuderia Ferrari,スクーデリア　フェラーリ,,,,,,SCUDERIAFERRARI,,,
877,Sea,シー?,,,,,,,,,
878,Sean Collection,ショーン?コレクション,,,,,,,,,
879,Second Nature By Hand,セカンド?ネイチャー?バイ?ハンド?,,,,,,,,,
880,See Kai Run,シーカイラン,,,,,,,,,
881,Sejour,セジュール,,,,,,,,,
882,Sendra,センドラ,,,,,,【SENDRA】センドラ,,,
883,Seoul Little,ソウル?リトル?,,,,,,,,,
884,Seraphine,セラフィン,,,,,,,,,
885,Seychelles,セイシェルズ?,,,,,,Seychelles（セイシェルズ）,,,
886,Shellys London,シェリーズ?ロンドン?,,,,,,Shellys LONDON(シェリーズロンドン),,,
887,Shinola,シャイノーラ,,,,,,,,,
888,Shiseido,シセイドウ,×,×,,,,,,,
889,Shoes of Prey,シューズ?オヴブ プレイ?,,,,,,Shoes of Prey,,,
890,Show Me Your Mumu,ショウミーユアムームー,,,,,,,,,
891,Shwood,シュウッド,,,,,,,,,
892,Side Stitch,サイド?スティチ?,,,,,,,,,
893,Sigma Beauty,シグマビューティー,×,×,,,,,,,
894,Signorelli,シグノレリ,,,,,,,,,
895,Simon Sebbag,サイモン・セバック,,,,,,,,,
896,Simone Perele,シモーヌ ペレール,,,,,,,,,
897,Sisley Paris,シスレー,×,×,,シスレー,1000765,,,,
898,SJP by Sarah Jessica Parker,エスジェイピーバイサラジェシカパーカ?,,,,,,SJP by Sarah Jessica Parker(エスジェイピーバイサラジェシカパーカー),,,
899,Skagen,スカーゲン,,,,,,SKAGEN(スカーゲン),,,
900,SKECHERS,スケッチャーズ,,,,スケッチャーズ,1000862,SKECHERS(スケッチャーズ),,,
901,Skemo,スキーモ,,,,,,Skemo(スキーモ),,,
902,Skip Hop,スキップ?ホップ?,,,,,,SKIP HOP,,,
903,SKITS,,,,,,,SKITS,,,
904,Slate & Stone,スレート アンド ストーン,,,,,,,,,
905,slip for beauty sleep,スリップ?フォー?ビューティー?スリープ?,,,,,,,,,
906,Smartwool,スマートウール,,,,,,,,,
907,Smashbox,スマッシュボックス,×,×,,,,,,,
908,Smith Optics,スミスオプティクス,,,,,,,,,
909,Smythe,スマイス,,,,,,,,,
910,Smythson,スマイソン,,,,,,Smythson(スマイソン),,,
911,Social Bridesmaids,,,,,,,,,,
912,SODO,ソード,,,,,,,,,
913,Soft Joie,ソフトジョア,,,,,,,,,
914,Softspots,ソフトスポッツ,,,,,,softspots,,,
915,SoftWalk,ソフトウォーク,,,,,,Softwalk,,,
916,Sole Society,ソール ソサイティー,,,,,,Sole Society,,,
917,Soludos,ソルドス,,,,ソルドス,1002088,soludos(ソルドス),,,
918,Someday Inc.,サムデイ インク,,,,,,,,,
919,Sondra Roberts,サンドラロバート,,,,,,Sondra Roberts(サンドラロバーツ),,,
920,Sons of Trade,サンズ?オヴ?トレード?,,,,,,Sons of Trade,,,
921,SOPHIA WEBSTER,ソフィア・ウェブスター,,,,,,Sophia Webster(ソフィア・ウェブスター),,,
922,Sophie Hulme,ソフィーヒュルム,,,,,,Sophie Hulme(ソフィー ハルム),,,
923,Sophie la Girafe,ソフィーラジラフ,,,,,,,,,
924,Soprano,ソプラノ,,,,,,,,,
925,SOREL,ソレル,,,,,,SOREL(ソレル),,,
926,Southern Tide,,,,,,,,,,
927,SOYBU,ソイブー,,,,,,SOYBU(ソイブー),,,
928,SPANX,スパンクス,,,,,,,,,
929,Speck,スペック?,,,,,,,,,
930,Sperry Kids,スペリー キッズ,,,,,,スペリー Sperry,,,
931,Sperry,スペリー,,,,,,スペリー Sperry,,,
932,SPICHER AND COMPANY,,×,×,,,,,,,
933,Splendid,スプレンディッド?,,,,,,,,,
934,Spring Street,スプリングストリート,,,,,,,,,
935,St. John Collection,セント ジョン コレクション,,,,,,,,,
936,ST. studio,エス ティー.?ストゥディオー,,,,,,,,,
937,St. Tropez,エスティー　トロペ,×,×,,,,,,,
938,Stance,スタンス,,,,,,STANCE(スタンス),,,
939,Stateside,ステートサイド,,,,,,,,,
940,Stella McCartney Kids,ステラ?マッカートニー?キッズ?,,,,,,,,,
941,Stella McCartney,ステラ?マッカートニー,,,,,,,,,
942,Stem Baby,ステム?ベビー,,,,,,,,,
943,Stem,ステム?,,,,,,,,,
944,steph&co,ステフ&コー,,,,,,,,,
945,stila,スティラ,×,×,,スティラ,1003105,,,,
946,Stokke,ストッケ,×,×,,ストッケ,1002046,,,,
947,Storksak,ストークサック,,,,,,storksak,,,
948,Stride Rite,ストライド?ライト?,,,,,,Stride Rite,,,
949,Strom,ストーム,,,,,,,,,
950,Stuart Weitzman,スチュアートワイツマン,,,,,,STUART WEITZMAN[スチュワートワイツマン],,,
951,Stutterheim,ストゥッテルハイム,,,,,,,,,
952,Sudini,サディーニ,,,,,,Sudini,,,
953,Sue Wong,スーウォン,,,,,,,,,
954,Sulwhasoo,ソルファス,×,×,,,,,,,
955,Summit,,,,,,,Summit,,,
956,Sun & Shadow,サン?&?シャドー?,,,,,,,,,
957,Sunday Riley,サンデーライリー?,×,×,,,,,,,
958,Sundry,サンドリー,,,,,,,,,
959,Superfeet,スーパーフィート,,,,,,Superfeet,,,
960,SUPERFINE,スーパーファイン,,,,,,,,,
961,Superga,スペルガ,,,,スペルガ,1002054,,,,
962,Supergoop!,スーパーグープ,×,×,,,,,,,
963,Supra,スープラ,,,,スープラ,1002067,SUPRA(スープラ),,,
964,Surfside Supply,サーフサイドサプライ,,,,,,,,,
965,S'well,スウェル,,,,,,,,,
966,Swims,スイムズ,,,,,,SWIMS(スイムズ),,,
967,T by Alexander Wang,ティー?バイ?アレキサンダーワン,,,,,,,,,
968,T Tahari,エリータハリ,,,,,,,,,
969,T3,ティースリー,,,,,,,,,
970,Tadashi Shoji,タダシ ジョージ,,,,,,,,,
971,Tahari,タハリ,,,,,,,,,
972,TALIKA,タリカ,×,×,,,,,,,
973,Tanya Taylor,タンヤ テイラー,,,,,,,,,
974,Tart Maternity,タート マタニティー,,,,,,,,,
975,Tart,タート,,,,,,,,,
976,Taryn Rose,タリン ローズ,,,,,,タリン ローズ Taryn Rose,,,
977,Tasha,,,,,,,,,,
978,Tata Harper Skincare,タタ ハーパー,×,×,,,,,,,
979,Tateossian,タテオシアン,,,,タテオシアン,1003644,,,,
980,TAVIK,タビック,,,,,,,,,
981,Tea Collection,ティ コレクション,,,,,,,,,
982,Ted Baker London,テッドベーカー,,,,,,TED BAKER(テッドベイカー),,,
983,Temperley London,テンパリーロンドン,,,,,,,,,
984,TEMPTU,テンプトゥ,×,×,,,,,,,
985,Tempur-Pedic,テンピゥール ペディック,,,,,,,,,
986,Ten Sixty Sherman,テンシックスティー シャーマン,,,,,,,,,
987,Terani Couture,テラニ クチュール,,,,,,,,,
988,Teva,テバ,,,,,,TEVA(テバ),,,
989,TFNC,ティーエフエヌシー?,,,,,,,,,
990,Thalgo,タルゴ,×,×,,タルゴ,1003056,,,,
991,The Accessory Collective,アクセサリーコレクティブ,,,,,,,,,
992,The Art of Shaving,ザ アートオブ シェイビング,×,×,,,,,,,
993,THE FLEXX,ザフレックス,,,,,,The FLEXX,,,
994,The Giving Keys,ザ ギビングキーズ,,,,,,,,,
995,The Great,ザ?グレイト?,,,,,,,,,
996,The Honest Company,オネストカンパニー,×,×,,,,,,,
997,The Kooples,ザ?クープルス,,,,,,,,,
998,The North Face,ザ?ノース?フェイス?,,,,ザ?ノース?フェイス?,1002251,THE NORTH FACE(ザノースフェイス),,,
999,The Rail,ザ レイルズ,,,,,,,,,
1000,The Tie Bar,ザ?タイ?バー?,,,,,,,,,
1001,Theory,セオリー,,,,,,Theory,,,
1002,Thirstystone,サースティーストーン,,,,,,,,,
1003,Thom Browne,トム ブラウン,,,,,,トムブラウンTHOM BROWNE,,,
1004,Thomas Dean,トーマスディーン,,,,,,,,,
1005,Thorlo,ソロパッズ,,,,,,Thorlo,,,
1006,Threads for Thought,スレッド フォー ソート,,,,,,,,,
1007,Umi,ウミ,,,,,,,,,
1008,Umit Benan,ウミットベナン,×,×,,,,,,,
1009,Un Deux Trois,アン ドゥー トロワ,,,,,,,,,
1010,Under Armour,アンダー?アーマ?ー,,,,アンダー?アーマ?ー,1001642,UNDER ARMOUR(アンダーアーマー),,,
1011,United Nude Collection,ユナイテッドヌードコレクション,,,,,,UNITED NUDE(ユナイテッドヌード),,,
1012,UNTAMED PETALS BY AMANDA JUDGE,アンテムド ペダルズ バイ アマンダ ジャッジ,,,,,,,,,
1013,UPPAbaby,アッパベビー,×,×,,,,,,,
1014,Urban Decay,アーバンディケイ,×,×,,,,,,,
1015,Us Angels,ユース エンジェル,,,,,,,,,
1016,Uttermost,アタールモースト,×,×,,,,,,,
1017,Valentino,ヴァレンティノ,,,,,,VALENTINO GARAVANI/(ヴァレンティノ ガラヴァーニ),,,
1018,Valmont,ヴァルモン,×,×,,,,,,,
1019,VANELi,ヴァネリ,,,,,,VANELi,,,
1020,Vans,バンズ,,,,,,VANS(バンズ),,,
1021,VC Signature,ブイシーシグネーチャ,,,,,,,,,
1022,Veda,ヴェーダ,,,,,,,,,
1023,VEIL TRENDS,ベール?トレンドーズ,,,,,,,,,
1024,Velvet by Graham & Spencer,ベルベット バイ グラハム&スペンサー,,,,,,,,,
1025,Vera Wang,ヴェラウォン,,,,,,,,,
1026,Veronica Beard,ヴェロニカ ベアード,,,,,,,,,
1027,Versace Collection,ヴェルサーチ コレクション,,,,,,Versace,,,
1028,Versace Jeans,ヴァルサーチ ジーンズ,,,,,,Versace,,,
1029,Versace,ヴァルサーチ,,,,,,Versace,,,
1030,VERSUS by Versace,ヴァルサスヴァルサーチ,,,,,,Versace,,,
1031,Very Volatile,ヴェリーヴォラテイル,,,,,,Very Volatile,,,
1032,Via Spiga,ビアスピガ,,,,,,Via Spiga,,,
1033,Victor Alfaro,ビクター アルファロ,,,,,,,,,
1034,Victoria Beckham,ヴィクトリア?ベッカム?,,,,,,,,,
1035,Victoria Kyriakides,ヴィクトリア キリアキデス,,,,,,,,,
1036,Victorinox Swiss Army,ビクトリノックス・スイスアーミー,,,,,,,,,
1037,Vigoss,ヴィゴス,×,×,,,,,,,
1038,Vikki Vi,,,,,,,,,,
1039,Vilebrequin,ヴィルブレクイン,,,,,,,,,
1040,Vince Camuto,ヴィンスカムート,,,,,,Vince Camuto,,,
1041,Vince,ヴァンス,,,,,,,,,
1042,Vincent Longo,ビンセントロンゴ,×,×,,,,,,,
1043,Vineyard Vines,ヴィニヤードヴァンズ,,,,,,,,,
1044,Vionic,バイオニック,,,,,,バイオニック VIONIC,,,
1045,VIP INTERNATIONAL,ビップインターナショナル,,,,,,,,,
1046,VITA LIBERATA,ヴィータ リベラータ,×,×,,,,,,,
1047,Vitamin A,ビタミンエー,,,,,,,,,
1048,ViX Swimwear,ヴィックススイマー,,,,,,,,,
1049,Volcom,ヴォルコム,,,,,,VOLCOM(ヴォルコム),,,
1050,Voluspa,ボルコム,△,△,,ボルコム,1002519,,,,
1051,W.R.K,ダブリュー.アール.ケー,,,,,,,,,
1052,Wacoal,ワコール,,,,ワコール,1000841,,,,
1053,Wallin & Bros.,ワーリン&ブローズ?,×,×,,,,,,,
1054,Wallpops,ウォールポップス,,,,,,,,,
1055,WANT LES ESSENTIELS,ウォントレスエッセンシャルデラヴィ,,,,,,WANT LES ESSENTIELS [ウォントレスエッセンシャル],,,
1056,Waterford,ウォーターフォード,,,,,,,,,
1057,Waterworks,ウォーターワークス,,,,,,,,,
1058,Watters,ワッターズ,,,,,,,,,
1059,Wayf,,,,,,,,,,
1060,WEDDING BELLES NEW YORK,ウェディング?ベルズ?ニュー?ヨーク?,,,,,,,,,
1061,Western Chief,ウエスタン?チーフ?,,,,,,Western Chief(ウエスタン チーフ),,,
1062,Westin At Home,ウェスティン アット ホーム,×,×,,,,,,,
1063,Whish,ウィッシュ?,×,×,,,,,,,
1064,White Mountaineering,ホワイトマウンテニアリング,×,×,,,,White Mountaineering,,,
1065,Wildfox,ワイルドフォックス,△,△,,ワイルドフォックス,1002802,,,,
1066,Will Leather Goods,ウィルレザーグッズ,,,,,,WILL LEATHER GOODS(ウィルレザーグッズ),,,
1067,Willow & Clay,ウィロー?&?クレイ?,,,,,,,,,
1068,wings + horns,ウイングズ アンド ホーンズ?,,,,,,wings + horns(ウｨングスアンドホーンズ),,,
1069,Wit & Wisdom,ウィット アンド ウィズダム,,,,,,,,,
1070,Wolford,ウォルフォード,,,,ウォルフォード,1001701,,,,
1071,Wolverine,ウルヴァリン,,,,,,WOLVERINE(ウルヴァリン),,,
1072,Wood Wood,ウッドウッド,×,×,,,,,,,
1073,Wright & Ditson,ライト &?ディッソン,,,,,,,,,
1074,Xtreme Lashes by Jo Mousselli,エクストリームラッシュ バイ ジョームセリー,×,×,,,,,,,
1075,Y-3,ワイスリー,,,,ワイスリー,1002800,Y-3(ワイスリー),,,
1076,Yellow Box Premium,イエローボックスプレミアム,,,,,,Yellow Box,,,
1077,Yohji Yamamoto,ヨウジ ヤマモト,,,,ヨウジ ヤマモト,1002654,Yohji Yamamoto(ヨウジヤマモト),,,
1078,Yosi Samra,ヨシ サムラ,,,,,,Yosi Samra(ヨシ サムラ),,,
1079,Young, Fabulous & Broke,ヤング・ファビュラス・アンド・ブローク,,,,,,,,,
1080,Yummie by Heather Thomson,ユミエ バイ ヘザー トムソン,,,,,,,,,
1081,Yves Saint Laurent,イヴ・サンローラン,×,×,,イヴ・サンローラン,1000727,,,,
1082,Z Zegna,ジーゼニア,,,,,,,,,
1083,Zachary Prell,ザカリ―プレル,,,,,,,,,
1084,Zadig & Voltaire,ザディグ エ ヴォルテール,,,,,,Zadig & Voltaire,,,
1085,Zanella,ザネラ,,,,,,,,,
1086,ZANEROBE,ゼンローブ,,,,,,,,,
1087,Zara Terez,ザラテレ,×,×,,,,Zara Terez,,,
1088,Zella,ゼラ,,,,,,,,,
1089,Zero + Maria Cornejo,ゼロ マリア コルネホ,,,,,,Zero+Maria Cornejo,,,
1090,zestt,,×,×,,,,,,,
1091,Zoe Chicco,ゾーイ チコ,,,,,,,,,
1092,ZoLi,ゾリ,,,,,,,,,
1093,Zunie,,,,,,,,,,
1094,Camper,カンペール,,,,カンペール,1000953,,,,
1095,Canada Goose,カナダグース,,,,,,,,,
1096,Canali,カナーリ,,,,,,,,,
1097,Candela,キャンデラ,,,,,,,,,
1098,Capelli of New York,カプリ オブ ニューヨーク,,,,,,,,,
1099,Cara,カーラ,,,,,,,,,
1100,CARGO,カーゴ,×,×,,,,,,,
1101,Carmen Marc Valvo Couture,カルメン マーク バルボ クチュール,,,,,,,,,
1102,Carole Hochman,キャロルホフマン,,,,,,,,,
1103,CAROLINA AMATO,キャロライナアマート,,,,,,,,,
1104,Carolina Herrera,キャロリーナヘレラ,,,,,,,,,
1105,Caroline DeVillo,キャロライン デビーロ,,,,,,,,,
1106,Carrera Eyewear,カレラ アイウェアー,,,,,,,,,
1107,Carven,カルヴェン,△,△,,,,,,,
1108,Caslon,キャスロン,,,,,,,,,
1109,Catherine Catherine Malandrino,キャサリンマランドリーノ,,,,,,,,,
1110,CATHY'S CONCEPTS,キャシーズ コンセプツ,,,,,,,,,
1111,Charles Henry,チャールズ?ヘンリー,,,,,,,,,
1112,Charlie Jade,チャーリージェイド,,,,,,,,,
1113,Charlotte Olympia,シャーロットオリンピア,,,,,,Charlotte Olympia,,,
1114,Charlotte Tilbury,シャーロット ティルブリー,×,×,,,,,,,
1115,Chaus,チャップス,,,,,,,,,
1116,Chelsea28,チェルシー28,,,,,,,,,
1117,Chetta B,チェッタビー,,,,,,,,,
1118,Chiara Boni La Petite Robe,,,,,,,,,,
1119,CHIARA FERRAGNI,キラファーニ,,,,,,キアラフェラーニ Chiara Ferragni,,,
1120,Chinese Laundry,チャイニーズ ランドリー,,,,,,Chinese Laundry(チャイニーズランドリー),,,
1121,Chloe & Katie,クロエ?&?ケイティ?,,,,,,,,,
1122,Chooka,チューカ,,,,,,Chooka,,,
1123,CHOOZE,チューズ,,,,,,CHOOZE,,,
1124,Christian Louboutin,クリスチャンルブタン,,,,クリスチャンルブタン,1001849,Christian Louboutin(クリスチャン ルブタン),,,
1125,Christopher Kane,クリストファーケイン,,,,,,,,,
1126,Chronicle Books,クロニクル?ブックス?,,,,,,,,,
1127,Church's,チャーチ,,,,,,,,,
1128,Cienta,シエンタ,,,,,,Cienta (シエンタ),,,
1129,Citizens of Humanity,シチズンズ・オブ・ヒューマニティ,,,,,,,,,
1130,Hanro,ハンロ,,,,,,,,,
1131,Happy Socks,ハッピーソックス,,,,,,,,,
1132,Hard Tail,ハードテイル?,,,,,,,,,
1133,hari mari,ハリマリ,,,,,,Hari Mari,,,
1134,Harry's,ハリーズ,×,×,,,,,,,
1135,Hart Schaffner Marx,ハート シャフナー マルクス,,,,,,,,,
1136,Haspel,ハスペル,,,,,,,,,
1137,Hatley,ハットレイ,,,,,,,,,
1138,Haute Hippie,オート ヒッピー,,,,,,,,,
1139,Himalayan Trading Post,ヒマラヤン トレーディング ポスト,,,,,,,,,
1140,Hinge,ヒンジ?,,,,,,Hinge,,,
1141,HiSO,,,,,,,,,,
1142,Hispanitas,ヒスパニタス,,,,,,HISPANITAS(ヒスパニタス),,,
1143,Hobo,ホーボー?,,,,,,hobo(ホーボー),,,
1144,HOKA ONE ONE,ホカオネオネ,,,,,,Hoka One One,,,
1145,Honeydew Intimates,ハニーデュー インティメッツ,,,,,,,,,
1146,hook + ALBERT,フック アルバート,,,,,,hook + ALBERT,,,
1147,HOT SOX,ホット ソックス,,,,,,,,,
1148,HOURGLASS,アワーグラス,×,×,,,,,,,
1149,House of Harlow 1960,ハウスオブハーロウ1960,×,×,,,,,,,
1150,Howe,ハウ?,,,,,,,,,
1151,Hudson Jeans,ハドソン ジーンズ,,,,,,,,,
1152,Hudson Made,ハドソン メイド,×,×,,,,,,,
1153,Hue,ヒュー?,,,,,,,,,
1154,HUGO,ヒューゴ,,,,ヒューゴ,1000792,HUGO BOSS(ヒューゴ ボス),,,
1155,Hurley,ハーレー,,,,ハーレー,1002277,Hurley,,,
1156,Hush Puppies,ハッシュパピー,,,,,,,,,
1157,HydroPeptide,ハイドロペプチド,×,×,,,,,,,
1158,ibex,アイベックス,,,,,,,,,
1159,Igor,イゴール,,,,,,igor,,,
1160,Illesteva,イレステーバ,,,,,,,,,
1161,Imagine by Vince Camuto,イマジン ヴァンス カムート,,,,,,Imagine Vince Camuto(イマジン ヴィンス カムート),,,
1162,Miraclesuit,ミラクルスーツ,,,,,,,,,
1163,MISHA COLLECTION,ミシャコレクション,,,,,,,,,
1164,Miss Me,ミスミー?,,,,,,,,,
1165,MISSGUIDED,ミスガイデット,,,,,,,,,
1166,Missoni,ミッソーニ,,,,,,Missoni,,,
1167,Mitchell & Ness,ミッチェル アンド ネス,,,,,,MITCHELL&NESS(ミッチェル&ネス),,,
1168,Miu Miu,ミュウミュウ,,,,ミュウミュウ,1002594,MIUMIU(ミュウミュウ),,,
1169,Miz Mooz,ミズムーズ,×,×,,,,Miz Mooz,,,
1170,Mizuno,ミズノ,,,,ミズノ,1000601,MIZUNO(ミズノ),,,
1171,MM6 Maison Margiela,エムエム6メゾンマルジェラ,,,,,,MM6 Maison Margiela(MM6 メゾン マルタンマルジェラ),,,
1172,MOLTON BROWN London,モルトンブラウンロンドン,×,×,,,,,,,
1173,Moncler,モンクレール,,,,モンクレール,1002636,,,,
1174,MONICA VINADER,モニカヴィナダー,,,,,,,,,
1175,Monique Lhuillier Bridesmaids,モニークルイリエ ブライズメイド,,,,,,Monique Lhuillier,,,
1176,Monique Lhuillier,モニークルイリエ,,,,,,Monique Lhuillier,,,
1177,Monte Rosso,モンテロッソ,,,,,,,,,
1178,Monteau Couture,,,,,,,,,,
1179,Moroccanoil,モロッカンオイル,×,×,,モロッカンオイル,1003211,,,,
1180,Moschino,モスキーノ,,,,モスキーノ,1002631,MOSCHINO(モスキーノ),,,
1181,MOTHER,マザー,,,,,,,,,
1182,Movado,モバード,,,,,,,,,
1183,Moving Comfort,ムービングコンフォート,,,,,,,,,
1184,MSGM,エムエスジーエム,,,,,,MSGM(エムエスジーエム),,,
1185,Mud Pie,マッドパイ,,,,マッドパイ,1002544,,,,
1186,Munro,マンロー,,,,,,Munro,,,
1187,Murad,ムラド,×,×,,,,,,,
1188,Naot,,,,,,,Naot,,,
1189,Narciso Rodriguez,ナルシソロドリゲス,△,△,,,,,,,
1190,NARS,ナーズ,×,×,,,,,,,
1191,Nashelle,ナシェル,,,,,,,,,
1192,Nat & Jules,ナット&ジュール,×,×,,,,,,,
1193,Nat Nast,ナットナスト,,,,,,,,,
1194,Natasha Couture,ナターシャ クチュール,,,,,,,,,
1195,Native Shoes,ネイティブ シューズ,,,,,,,,,
1196,Natori,ナトリ,,,,,,,,,
1197,NATURAL LIFE,ナチラル?ライフ?,×,×,,,,,,,
1198,Thule,スーリー,,,,スーリー,1002068,THULE (スーリー),,,
1199,Tibi,ティビ,,,,,,tibi,,,
1200,Timberland,ティンバーランド,,,,ティンバーランド,1000591,Timberland(ティンバーランド),,,
1201,Timex,タイメックス,,,,,,,,,
1202,Timi & Leslie,ティミ&レスリー,,,,,,ティミ＆レスリー(timi&leslie),,,
1203,Titanium,ボッチア チタニウム,,,,,,,,,
1204,TKEES,ティキーズ,,,,,,TKEES,,,
1205,To Boot New York,トゥー?ブート?ニュー?ヨーク?,,,,,,To Boot New York,,,
1206,TOCCA,トッカ,×,×,,,,,,,
1207,Todd Snyder White Label,トッド スナイダー ホワイト レーベル,,,,,,TODD SNYDER(トッドスナイダー),,,
1208,Todd Snyder,トッドスナイダー,,,,,,TODD SNYDER(トッドスナイダー),,,
1209,Tod's,トッズ,,,,トッズ,1002180,TOD'S(トッズ),,,
1210,Tom Ford,トムフォード,△,△,,,,TOM FORD (トムフォード),,,
1211,Tomas Maier,トーマスマイヤー,,,,,,TOMAS MAIER(トーマスマイヤー),,,
1212,Tomas,トーマス,,,,,,,,,
1213,Tommy Bahama,トミーバハマ,,,,,,Tommy Bahama（トミーバハマ）,,,
1214,Tommy Hilfiger,トミーヒルフィガー,,,,,,,,,
1215,Tommy John,トミージョン?,,,,,,,,,
1216,TOMS,トムス,,,,,,TOMS SHOES(トムズシューズ),,,
1217,TONI FEDERICI,トニ フェーデリーチ,,,,,,,,,
1218,Topman,トップマン,,,,,,TOPMAN(トップマン),,,
1219,Topshop,トップショップ,,,,,,トップショップ TOPSHOP,,,
1220,Tory Burch,トリーバーチ,,,,トリーバーチ,1000576,TORY BURCH(トリーバーチ),,,
1221,Tractr,トラクター,,,,,,,,,
1222,Tracy Reese,トレイシーリース,,,,,,TRACY REESE(トレイシー・リース),,,
1223,Trafalgar,トラファルガー,,,,,,,,,
1224,Trask,トラスク,,,,,,Trask,,,
1225,Travis Mathew,トラビス・マシュー,,,,,,Travis Mathew(トラビスマシュー),,,
1226,Treasure&Bond,トレジャー&ボンド?,,,,,,Treasure&Bond,,,
1227,Tretorn,トレトン,,,,,,Tretorn(トレトン),,,
1228,Trina Turk,トリーナ?ターク,,,,,,,,,
1229,Trish McEvoy,トリッシュマックヴォイ,×,×,,,,,,,
1230,Trotters,トロッターズ,,,,,,Trotters,,,
1231,CeCe,シーシー,,,,,,,,,
1232,Ceremony by Joanna August,セレモニーバイジョアナオーガスト,,,,,,,,,
1233,CHANEL,シャネル?,×,×,,,,CHANEL(シャネル),,,
1234,Chantecaille,シャンテカイユ,×,×,,,,,,,
1235,Chantelle Intimates,シャンテルインティメイト,,,,,,,,,
1236,Charles by Charles David,チャールズバイチャールズ・デイビッド,,,,,,Charles by Charles David,,,
1237,Charles David,チャールズデービッド,,,,,,Charles David,,,
1238,Hayley Paige Occasions,ヘイリーペイジオケーションズ,,,,,,,,,
1239,Hayley Paige,ヘイリーペイジ,,,,,,,,,
1240,Heelys,ヒーリーズ,,,,,,HEELYS(ヒーリーズ),,,
1241,Helen Kaminski,ヘレンカミンスキー,,,,,,,,,
1242,Helene Berman,ヘレンバーマン,,,,,,,,,
1243,Helly Hansen,ヘリーハンセン,,,,ヘリーハンセン,1002471,HELLY HANSEN(ヘリーハンセン),,,
1244,Helmut Lang,ヘルムートラング,,,,ヘルムートラング,1002473,HELMUT LANG,,,
1245,Herve Leger,エルベレジェ,,,,,,エルベレジェ HERVE LEGER,,,
1246,Hickey Freeman,ヒッキーフリーマン,,,,,,,,,
1247,Mural,ミューラル,,,,,,,,,
1248,Mycra Pac Designer Wear,,,,,,,,,,
1249,MZ Wallace,エムジーウォレス,,,,エムジーウォレス,1001740,MZ WALLACE(エムジー ウォレス),,,
1250,Nadri,ナドリ,,,,,,,,,
1251,Naeem Khan,ナイームカーン,,,,,,Naeem Khan,,,
1252,nails inc. London,ネイルズインクロンドン,×,×,,,,,,,
1253,Naked,ネイキド?,,,,,,,,,
1254,Nanette Lepore,ナネットレポー,,,,,,,,,
1255,True Religion Brand Jeans,トゥルーレリジョン,,,,トゥルーレリジョン,1000919,True Religion,,,
1256,Truly Me,トゥルーリーミー,,,,,,,,,
1257,Trumpette,トランペット,,,,トランペット,1002188,,,,
1258,Tularosa,トゥラロサ,,,,,,,,,
1259,TWEEZERMAN,ツイーザーマン,,,,,,,,,
1260,Two by Vince Camuto,トゥー?バイ ヴィンス カムート,,,,,,,,,
1261,UGG,アグ,,,,アグ,1000570,UGG(アグ),,,
1262,Naked & Famous Denim,ネイキド?&?フェイマス?デニム?,,,,,,,,,
1263,Truth & Pride,トルース?&?プライド?,,,,,,Truth & Pride,,,
1264,Tucker + Tate,タッカープラステイク,,,,,,Tucker + Tate【タッカー+テイト】,,,
,,,,,,,,,,,
,,,,,,,,,,,
,,,,,,,,,,,
,,,,,,,,,,,
,,,,,,,,,,,
,,,,,,,,,,,
,,,,,,,,,,,
,,,,,,,,,,,
,,,,,,,,,,,
,,,,,,,,,,,
,,,,,,,,,,,
,,,,,,,,,,,
,,,,,,,,,,,
,,,,,,,,,,,
